EthBoulder Tracks,,,
track name,track lead,track venue ,speakers secured 
Submitted tracks - accepted ,,,
privacy,Chair / Nuke ,,
creativity,Rene,,
PGF track,Sejal Rekhan,,
Ethereum localism,Benjamin / Sara,,
d/acc = boulder acceleratoinism ,owocki ,,
DeSci,Rodrigo ,,
DAO & Coordinative Tooling,Timothy,,
AI & Society,Deepa,,
onchain organizations,Graham Novak ,,
,,,
,,,
Other tracks who have not submitted form ,,,
brand ,Neil / Ash,track form coming,
hackaton,aaron  ,track form coming ,
EthBoulder Foundation,tbd,,
stable coins,Rodrigo & Sonya Shapiro,tbd if this is happening ,
Protocol ,Matt,,